{
    "exp_imgs/rgb_training_000007.mat.png": {
      "apple": [342.65625, 337.23295454545456],
      "cake": [342.65625, 337.23295454545456],
      "cup": [342.65625, 337.23295454545456],
      "plate": [342.65625, 337.23295454545456],
      "vase": [342.65625, 337.23295454545456],
      "stool": [530.71875, 156.48579545454547],
      "painting": [530.71875, 156.48579545454547],
      "lamp": [342.65625, 337.23295454545456],
      "book": [342.65625, 337.23295454545456],
      "bag": [342.65625, 337.23295454545456],
      "cushion": [403.21875, 346.9375],
      "shoes": [342.65625, 337.23295454545456],
      "pencil": [301.21875, 298.41477272727275],
      "cat": [342.65625, 337.23295454545456],
      "computer": [301.21875, 298.41477272727275]
    },
    "exp_imgs/rgb_training_000014.mat.png": {
      "apple": [175.3125, 266.875],
      "cake": [277.3125, 385.7556818181818],
      "cup": [277.3125, 385.7556818181818],
      "plate": [277.3125, 385.7556818181818],
      "vase": [277.3125, 385.7556818181818],
      "stool": [277.3125, 385.7556818181818],
      "painting": [-1, -1],
      "lamp": [277.3125, 385.7556818181818],
      "book": [277.3125, 385.7556818181818],
      "bag": [277.3125, 385.7556818181818],
      "cushion": [78.09375, 356.64204545454544],
      "shoes": [277.3125, 385.7556818181818],
      "pencil": [269.34375, 386.96875],
      "cat": [175.3125, 266.875],
      "computer": [269.34375, 386.96875]
    }
  }
  